user,ip,action
user_639,244.92.54.27,ERROR
user_325,248.252.120.243,STOP
user_22,85.210.52.53,STOP
user_551,56.82.35.39,ERROR
user_580,191.200.40.190,START
user_223,179.63.213.37,START
user_120,9.23.194.63,ERROR
user_995,221.58.95.39,ERROR
user_323,239.168.217.218,ERROR
user_602,185.186.213.153,ERROR
user_917,181.154.55.17,START
user_445,132.160.140.64,START
user_539,66.177.12.212,ERROR
user_485,178.242.36.62,START
user_102,31.128.4.136,START
user_556,39.217.161.22,ERROR
user_25,36.51.29.236,START
user_133,61.126.239.66,START
user_244,255.218.144.201,START
user_232,94.169.203.249,START
user_883,201.209.169.82,START
user_722,53.91.214.34,ERROR
user_186,55.163.16.11,STOP
user_33,169.7.150.124,STOP
user_209,239.10.71.160,STOP
user_338,79.223.151.47,ERROR
user_508,78.61.179.22,START
user_113,129.228.132.14,ERROR
user_745,141.158.227.29,START
user_486,2.80.80.90,START
user_330,126.92.119.68,STOP
user_281,57.76.45.143,STOP
user_408,43.134.134.104,ERROR
user_669,150.44.224.154,START
user_554,16.163.223.228,START
user_447,228.146.166.96,STOP
user_824,205.183.120.210,START
user_274,145.49.218.198,STOP
user_175,94.88.208.209,ERROR
user_516,45.128.194.65,START
user_199,183.107.36.221,ERROR
user_605,140.182.165.229,STOP
user_78,189.24.13.72,ERROR
user_444,15.114.102.62,ERROR
user_612,83.159.174.136,STOP
user_414,149.48.120.162,START
user_357,84.238.23.40,ERROR
user_724,206.239.94.224,ERROR
user_707,139.65.77.59,STOP
user_819,175.227.147.128,STOP
user_886,152.181.255.255,START
user_832,182.211.254.2,STOP
user_316,155.3.51.242,START
user_472,91.138.43.37,STOP
user_928,225.14.193.36,STOP
user_760,18.102.187.247,STOP
user_1000,94.9.159.88,STOP
user_880,158.138.166.95,START
user_158,176.176.168.144,ERROR
user_185,209.197.80.29,ERROR
user_835,57.97.46.205,STOP
user_532,39.242.186.27,STOP
user_520,239.149.9.234,START
user_117,3.127.220.116,ERROR
user_149,246.229.45.221,START
user_354,20.113.217.205,ERROR
user_967,29.127.87.230,STOP
user_97,222.80.151.158,ERROR
user_892,92.75.162.101,STOP
user_966,92.131.51.18,START
user_720,18.249.241.177,ERROR
user_450,224.134.127.167,START
user_501,209.146.248.80,START
user_154,115.255.82.4,START
user_980,121.231.236.24,STOP
user_966,52.155.122.156,START
user_117,81.163.17.152,ERROR
user_374,142.251.74.197,STOP
user_283,50.58.79.170,START
user_790,172.72.77.251,ERROR
user_388,247.14.62.83,STOP
user_246,192.82.56.253,START
user_138,37.157.145.71,START
user_675,162.144.138.230,ERROR
user_842,74.125.176.43,START
user_841,212.158.130.192,START
user_172,185.115.51.158,START
user_749,179.5.138.123,START
user_240,159.191.203.195,STOP
user_524,180.98.215.98,STOP
user_230,35.200.71.177,START
user_118,186.219.177.219,STOP
user_193,224.170.17.118,ERROR
user_522,51.126.236.16,ERROR
user_795,217.41.212.75,START
user_163,60.83.104.26,START
user_645,151.3.53.138,ERROR
user_653,113.217.219.37,ERROR
user_28,129.36.241.242,STOP
user_176,80.19.187.92,STOP
user_941,203.115.47.245,STOP
user_413,188.44.248.12,START
user_333,25.88.4.57,ERROR
user_58,122.249.92.95,ERROR
user_2,111.108.101.119,STOP
user_458,168.31.165.177,STOP
user_70,200.224.207.109,STOP
user_713,133.23.236.144,STOP
user_259,120.178.224.136,START
user_491,244.141.1.44,STOP
user_11,165.200.239.239,ERROR
user_89,28.184.81.211,ERROR
user_548,10.46.2.191,STOP
user_946,110.190.228.58,START
user_776,164.207.115.88,STOP
user_778,65.141.249.27,START
user_904,4.56.71.225,ERROR
user_520,110.139.66.223,STOP
user_657,251.241.243.224,ERROR
user_196,80.252.206.194,STOP
user_421,6.102.57.98,START
user_123,183.59.243.46,ERROR
user_872,205.190.198.44,START
user_690,192.207.24.19,START
user_600,32.203.30.13,START
user_551,107.79.188.117,START
user_434,15.220.155.101,STOP
user_290,32.246.29.187,STOP
user_853,10.121.224.73,STOP
user_40,156.160.80.166,STOP
user_583,150.235.245.159,START
user_359,165.24.8.44,ERROR
user_413,190.240.49.92,ERROR
user_757,199.191.97.77,ERROR
user_195,223.51.50.237,ERROR
user_965,249.110.25.70,ERROR
user_291,143.6.17.195,ERROR
user_413,181.10.23.241,STOP
user_901,32.171.207.209,STOP
user_510,13.100.72.156,START
user_510,14.102.253.43,START
user_939,48.40.64.155,ERROR
user_731,234.176.26.8,ERROR
user_463,112.199.111.166,START
user_622,52.201.176.84,START
user_113,94.69.175.155,STOP
user_539,230.237.209.17,ERROR
user_972,211.223.217.223,ERROR
user_885,163.196.253.243,STOP
user_112,205.214.123.231,ERROR
user_617,77.1.160.59,ERROR
user_387,93.11.187.240,ERROR
user_181,146.81.97.170,ERROR
user_738,202.108.2.80,STOP
user_909,16.197.58.159,START
user_369,47.73.70.100,STOP
user_399,50.255.114.234,ERROR
user_422,120.140.60.44,ERROR
user_216,157.215.249.79,START
user_472,92.215.51.102,START
user_356,131.210.227.186,STOP
user_549,177.218.45.78,START
user_39,238.114.206.134,ERROR
user_995,44.138.207.200,STOP
user_95,249.134.23.224,ERROR
user_549,176.155.202.187,STOP
user_116,46.249.198.106,START
user_927,161.30.21.91,START
user_215,9.34.107.149,STOP
user_390,173.221.150.63,START
user_985,11.148.35.157,ERROR
user_284,166.42.135.54,START
user_768,109.63.177.84,ERROR
user_42,141.158.188.229,START
user_972,255.110.231.83,ERROR
user_881,195.15.230.220,START
user_710,96.3.117.170,STOP
user_435,26.250.195.223,ERROR
user_421,116.183.94.68,START
user_630,219.61.87.196,STOP
user_638,111.207.13.6,START
user_586,171.229.224.200,STOP
user_672,136.249.79.84,ERROR
user_610,138.251.2.184,ERROR
user_996,200.230.20.163,STOP
user_882,216.137.192.22,ERROR
user_238,219.39.184.88,STOP
user_883,27.100.200.60,STOP
user_99,13.220.157.163,START
user_821,86.197.34.159,ERROR
user_15,196.22.128.165,STOP
user_951,202.242.160.43,START
user_145,183.113.26.16,START
user_982,118.40.252.9,ERROR
user_122,121.183.142.184,ERROR
user_653,46.189.68.178,ERROR
user_994,133.70.16.106,ERROR
user_721,46.178.244.74,ERROR
user_457,23.24.236.158,START
user_114,102.168.205.98,ERROR
user_501,180.169.118.200,ERROR
user_197,135.144.194.141,START
user_233,241.19.239.161,START
user_226,199.7.13.93,STOP
user_356,159.198.216.251,ERROR
user_853,158.147.174.207,START
user_923,90.190.21.195,ERROR
user_307,95.148.2.96,ERROR
user_552,12.47.212.70,START
user_8,223.31.100.1,ERROR
user_646,203.58.204.203,ERROR
user_39,33.17.225.53,STOP
user_443,138.102.95.43,ERROR
user_166,110.204.140.143,START
user_773,39.66.113.103,ERROR
user_629,17.213.184.139,START
user_534,182.203.170.214,START
user_334,9.163.96.93,STOP
user_154,22.196.122.247,ERROR
user_747,136.36.151.172,START
user_744,237.196.20.206,START
user_956,228.29.254.30,START
user_130,73.66.178.77,START
user_300,248.197.90.170,STOP
user_563,67.139.207.114,START
user_2,43.96.40.97,ERROR
user_324,26.2.152.206,ERROR
user_464,85.237.135.67,START
user_300,230.78.212.33,STOP
user_440,111.192.31.251,START
user_713,187.218.179.223,STOP
user_462,224.136.22.104,START
user_968,57.89.192.217,ERROR
user_157,64.214.69.85,START
user_996,180.72.174.191,STOP
user_303,30.147.131.242,START
user_783,30.34.125.4,ERROR
user_539,248.54.178.180,ERROR
user_703,88.245.217.178,ERROR
user_98,96.218.74.242,START
user_463,197.65.55.102,STOP
user_587,144.217.12.176,STOP
user_371,219.84.195.137,START
user_427,64.81.54.128,START
user_195,29.207.158.231,START
user_655,25.8.157.68,STOP
user_313,52.125.18.49,STOP
user_219,177.142.39.52,START
user_319,181.178.77.100,ERROR
user_216,253.199.222.90,START
user_208,234.146.166.168,ERROR
user_95,152.93.165.83,ERROR
user_570,76.7.36.118,STOP
user_659,168.73.243.243,ERROR
user_790,203.214.255.14,ERROR
user_758,8.100.22.9,ERROR
user_714,19.120.59.141,STOP
user_918,190.130.252.149,START
user_944,35.162.193.56,STOP
user_158,104.237.193.186,START
user_840,112.176.180.157,ERROR
user_5,190.156.47.80,STOP
user_663,122.149.42.167,STOP
user_543,156.240.57.78,START
user_781,108.185.109.183,STOP
user_226,53.156.162.13,START
user_551,105.135.154.103,ERROR
user_573,239.214.144.159,START
user_202,123.213.245.39,START
user_180,250.116.176.25,START
user_664,171.210.150.132,ERROR
user_708,93.52.92.104,ERROR
user_204,160.166.101.243,STOP
user_349,100.150.235.184,ERROR
user_872,188.224.76.15,STOP
user_636,8.209.160.183,START
user_40,159.210.41.111,STOP
user_811,191.135.117.189,START
user_890,149.199.29.36,START
user_231,139.40.83.120,STOP
user_920,173.55.187.92,ERROR
user_759,180.230.52.81,STOP
user_141,164.201.93.128,START
user_934,218.121.185.106,STOP
user_373,5.196.161.175,STOP
user_257,165.182.70.156,START
user_210,164.132.80.255,STOP
user_428,140.57.2.219,STOP
user_837,65.230.232.75,START
user_866,244.199.147.14,START
user_651,134.96.80.95,ERROR
user_422,36.160.179.218,ERROR
user_583,163.252.33.164,ERROR
user_119,78.5.18.190,START
user_812,59.45.204.101,STOP
user_646,194.154.200.12,ERROR
user_736,144.59.43.162,START
user_923,204.243.43.72,ERROR
user_892,78.7.201.163,STOP
user_382,142.117.229.199,ERROR
user_162,227.176.246.120,STOP
user_794,217.160.147.251,STOP
user_23,70.179.146.116,START
user_269,87.109.233.45,START
user_270,239.109.120.119,START
user_123,76.224.183.178,START
user_51,214.151.180.105,STOP
user_657,79.150.31.105,STOP
user_830,21.228.150.44,STOP
user_342,171.219.201.114,STOP
user_472,203.22.250.246,START
user_809,19.189.57.110,STOP
user_361,32.189.252.79,START
user_389,164.76.191.237,STOP
user_631,209.115.173.201,STOP
user_587,29.40.101.48,START
user_216,201.40.243.252,ERROR
user_687,187.39.201.193,STOP
user_854,136.27.167.227,START
user_66,10.47.172.17,ERROR
user_716,60.210.80.72,ERROR
user_256,68.161.99.188,START
user_584,103.102.18.15,STOP
user_222,234.99.64.81,STOP
user_352,63.77.40.49,ERROR
user_989,54.33.109.97,STOP
user_289,188.209.77.196,ERROR
user_656,125.162.184.206,ERROR
user_24,118.58.144.171,STOP
user_725,16.35.33.101,STOP
user_161,69.251.249.122,START
user_947,1.228.95.156,START
user_608,11.1.218.183,START
user_502,201.79.230.29,START
user_92,211.81.90.55,ERROR
user_983,230.52.168.187,START
user_600,177.64.135.31,ERROR
user_303,20.188.73.178,ERROR
user_447,24.137.205.94,START
user_192,210.34.83.166,ERROR
user_555,135.219.160.88,ERROR
user_291,85.88.138.115,STOP
user_39,105.1.214.93,STOP
user_769,25.236.50.166,STOP
user_212,86.186.34.219,STOP
user_941,195.174.206.64,STOP
user_733,42.106.67.68,ERROR
user_771,29.99.213.116,ERROR
user_159,195.45.213.90,START
user_763,217.92.55.196,START
user_910,222.190.220.132,START
user_233,233.66.101.164,START
user_21,224.140.163.17,START
user_608,2.208.57.221,STOP
user_635,93.140.114.79,ERROR
user_369,176.51.92.23,ERROR
user_250,85.43.18.118,START
user_296,4.99.66.231,STOP
user_294,163.196.161.150,STOP
user_591,191.133.9.241,ERROR
user_597,9.48.53.192,ERROR
user_484,199.196.245.142,START
user_103,6.188.140.106,START
user_133,134.80.160.130,START
user_115,145.111.253.85,START
user_851,250.35.50.91,ERROR
user_506,89.106.212.117,STOP
user_375,83.146.206.119,ERROR
user_870,182.73.230.134,ERROR
user_918,214.185.226.128,ERROR
user_338,6.213.103.106,STOP
user_945,101.78.142.97,ERROR
user_975,74.203.140.229,START
user_139,118.18.199.133,START
user_675,173.50.39.241,ERROR
user_896,58.144.60.132,STOP
user_512,216.161.93.139,STOP
user_972,78.12.7.75,STOP
user_887,133.57.192.129,STOP
user_437,16.189.226.90,STOP
user_193,57.202.243.160,STOP
user_513,70.248.43.121,STOP
user_40,177.145.98.211,ERROR
user_184,81.61.113.173,ERROR
user_985,148.153.122.175,START
user_141,211.150.180.64,STOP
user_533,32.249.249.208,START
user_570,232.41.71.121,START
user_891,25.59.50.149,STOP
user_367,218.21.68.150,ERROR
user_301,137.184.201.116,STOP
user_207,252.244.242.72,STOP
user_42,65.181.104.53,STOP
user_929,202.134.173.211,START
user_556,200.72.114.97,STOP
user_364,37.101.236.236,START
user_347,128.31.162.141,ERROR
user_200,96.73.59.73,ERROR
user_44,114.64.211.161,STOP
user_189,65.9.114.255,START
user_656,111.131.40.228,STOP
user_155,141.205.182.213,STOP
user_853,14.1.231.134,START
user_197,113.116.134.96,STOP
user_673,71.229.190.97,STOP
user_496,223.2.201.40,ERROR
user_730,214.61.26.156,STOP
user_662,49.31.140.141,START
user_93,10.254.97.90,START
user_296,95.179.236.210,START
user_924,131.187.52.63,ERROR
user_391,209.190.159.100,ERROR
user_362,135.227.94.208,STOP
user_742,139.87.231.172,STOP
user_680,234.41.164.41,START
user_255,3.4.11.251,ERROR
user_540,170.118.111.62,STOP
user_867,193.220.84.100,START
user_369,183.191.14.225,STOP
user_354,171.80.159.236,START
user_25,193.199.98.172,STOP
user_151,12.5.193.175,STOP
user_210,35.100.245.221,ERROR
user_459,111.137.124.137,ERROR
user_343,193.130.228.216,ERROR
user_786,239.172.208.47,ERROR
user_124,166.135.20.245,STOP
user_716,159.145.100.50,START
user_181,240.48.20.45,START
user_987,157.165.78.255,STOP
user_729,214.152.148.107,ERROR
user_395,164.215.5.156,STOP
user_872,65.115.173.209,STOP
user_754,126.220.162.160,ERROR
user_223,64.42.199.3,STOP
user_930,121.248.6.206,START
user_382,104.26.135.120,START
user_782,56.55.28.110,START
user_514,72.173.35.155,START
user_828,66.217.58.202,STOP
user_434,177.246.9.85,ERROR
user_533,42.9.29.247,START
user_861,34.150.123.242,ERROR
user_485,119.175.118.138,ERROR
user_438,61.25.176.223,ERROR
user_420,250.135.4.6,ERROR
user_93,57.78.110.210,STOP
user_955,10.130.240.223,START
user_289,99.124.12.77,ERROR
user_681,255.142.16.123,ERROR
user_814,134.115.50.133,START
user_202,136.140.62.91,ERROR
user_343,74.203.32.29,START
user_852,220.90.136.195,START
user_168,243.74.93.139,START
user_596,176.102.33.173,START
user_954,60.1.8.177,ERROR
user_932,32.26.157.226,ERROR
user_673,152.186.89.196,ERROR
user_368,168.156.36.222,ERROR
user_652,106.69.37.151,ERROR
user_516,149.46.173.199,STOP
user_602,83.56.116.182,ERROR
user_712,146.20.61.3,START
user_605,58.83.115.14,ERROR
user_107,102.110.16.46,ERROR
user_643,8.8.30.72,START
user_540,51.112.132.120,START
user_534,182.169.8.65,START
user_750,40.239.32.18,START
user_336,211.214.251.8,START
user_534,168.164.20.119,START
user_463,4.218.219.19,STOP
user_987,155.94.254.132,START
user_784,31.238.25.19,STOP
user_852,235.241.103.10,ERROR
user_757,25.122.83.37,ERROR
user_22,10.148.81.131,ERROR
user_461,236.102.217.47,ERROR
user_495,178.68.67.95,ERROR
user_803,73.205.243.178,START
user_879,112.9.62.175,ERROR
user_332,116.212.73.73,STOP
user_609,224.218.64.193,ERROR
user_23,107.117.220.150,STOP
user_498,47.215.134.233,ERROR
user_112,171.183.119.67,START
user_893,56.244.25.61,STOP
user_951,202.98.15.53,ERROR
user_720,200.76.138.228,ERROR
user_121,146.132.133.163,ERROR
user_872,118.201.90.97,START
user_657,250.41.75.25,ERROR
user_845,12.187.11.181,START
user_966,11.218.107.38,STOP
user_660,254.251.140.25,ERROR
user_260,40.155.129.88,START
user_606,99.123.41.213,START
user_828,126.208.70.8,STOP
user_225,15.124.24.196,STOP
user_205,125.191.152.209,STOP
user_934,167.181.170.15,ERROR
user_658,108.65.44.58,ERROR
user_657,79.52.183.250,STOP
user_220,90.245.225.209,STOP
user_719,84.49.99.114,ERROR
user_779,35.2.89.245,START
user_651,135.211.49.60,START
user_108,136.99.196.152,STOP
user_48,144.245.107.68,START
user_146,118.88.201.235,ERROR
user_511,36.173.251.138,ERROR
user_137,247.216.108.174,STOP
user_755,147.208.56.188,ERROR
user_260,110.43.170.87,STOP
user_67,11.70.195.107,ERROR
user_511,207.138.61.110,STOP
user_777,130.223.139.210,STOP
user_447,67.39.202.218,START
user_884,56.182.226.4,ERROR
user_649,40.102.243.175,ERROR
user_341,185.47.163.37,ERROR
user_152,173.86.74.184,ERROR
user_86,35.42.210.129,STOP
user_379,249.111.242.242,ERROR
user_930,62.58.37.253,START
user_924,237.162.27.230,STOP
user_226,145.27.180.83,STOP
user_909,144.158.173.124,STOP
user_853,93.11.179.6,STOP
user_367,6.223.44.208,STOP
user_162,137.27.183.194,ERROR
user_791,44.248.111.181,ERROR
user_482,222.182.176.169,ERROR
user_847,108.248.44.50,ERROR
user_233,151.38.180.151,START
user_683,84.188.180.234,ERROR
user_196,126.125.13.103,ERROR
user_86,156.184.17.65,STOP
user_735,130.117.166.3,START
user_699,27.2.194.156,START
user_215,59.123.96.29,ERROR
user_58,9.26.11.174,ERROR
user_306,122.75.243.133,STOP
user_818,177.221.178.151,START
user_412,249.47.30.194,START
user_717,152.86.202.200,ERROR
user_910,76.32.8.51,START
user_38,36.94.18.23,ERROR
user_878,75.237.36.54,STOP
user_910,186.211.12.168,STOP
user_233,252.242.168.156,START
user_765,192.100.114.123,STOP
user_282,194.223.254.158,ERROR
user_69,87.62.7.43,ERROR
user_680,223.152.18.160,STOP
user_210,36.5.115.114,START
user_16,183.190.124.238,STOP
user_365,193.205.89.46,ERROR
user_93,199.252.145.75,ERROR
user_41,159.231.60.21,START
user_152,178.171.140.98,START
user_723,89.122.255.118,STOP
user_302,20.49.208.183,STOP
user_115,102.191.39.67,ERROR
user_513,251.17.143.2,STOP
user_403,237.133.224.202,ERROR
user_148,53.156.234.234,STOP
user_812,212.24.29.213,STOP
user_920,172.112.220.23,ERROR
user_528,190.13.4.113,START
user_743,194.109.236.138,STOP
user_22,12.222.64.148,ERROR
user_63,241.26.102.209,ERROR
user_343,34.158.116.4,STOP
user_45,247.99.135.38,ERROR
user_679,90.164.215.201,START
user_792,177.90.237.62,STOP
user_975,14.49.24.125,ERROR
user_466,192.42.237.241,STOP
user_889,115.91.93.150,ERROR
user_297,82.213.108.136,STOP
user_556,196.51.64.39,STOP
user_109,244.114.146.212,START
user_735,231.237.223.50,STOP
user_41,71.82.254.160,STOP
user_892,229.139.47.224,STOP
user_8,160.245.43.179,ERROR
user_851,168.150.96.7,START
user_100,111.241.128.229,START
user_402,206.221.17.89,ERROR
user_626,121.154.255.25,STOP
user_536,19.97.19.226,ERROR
user_863,13.115.236.110,ERROR
user_333,180.190.205.102,START
user_252,205.235.252.185,STOP
user_900,22.71.103.48,STOP
user_551,211.168.98.62,ERROR
user_153,229.183.140.177,START
user_859,237.255.37.187,ERROR
user_202,16.77.207.189,STOP
user_980,91.5.12.82,STOP
user_444,172.24.26.57,ERROR
user_815,47.25.209.82,ERROR
user_879,86.39.47.8,START
user_707,238.92.184.99,ERROR
user_163,199.119.145.16,STOP
user_99,185.121.196.68,STOP
user_544,39.150.23.121,START
user_569,139.102.117.19,STOP
user_241,154.168.188.102,START
user_561,108.103.108.54,STOP
user_736,169.199.168.79,STOP
user_741,239.185.69.243,STOP
user_672,177.124.106.208,ERROR
user_485,78.163.28.238,START
user_415,241.89.148.255,START
user_370,121.43.32.233,ERROR
user_747,116.235.78.237,STOP
user_175,18.209.242.18,START
user_402,155.120.153.249,ERROR
user_2,166.56.69.227,ERROR
user_131,98.92.124.94,START
user_178,103.178.86.254,STOP
user_741,73.145.228.118,STOP
user_694,68.35.209.76,START
user_398,228.12.45.83,START
user_995,167.66.75.196,ERROR
user_323,37.138.75.96,ERROR
user_401,233.224.188.142,START
user_5,241.247.20.236,ERROR
user_207,127.254.157.203,ERROR
user_546,112.220.150.36,ERROR
user_409,211.144.151.113,START
user_541,216.155.199.149,ERROR
user_974,177.225.179.77,STOP
user_645,115.7.160.39,START
user_569,153.8.202.20,ERROR
user_174,253.204.13.30,ERROR
user_539,105.94.97.213,STOP
user_309,243.227.205.160,ERROR
user_841,137.11.165.182,ERROR
user_868,60.191.182.39,START
user_121,218.170.245.75,ERROR
user_291,158.163.75.169,ERROR
user_933,222.219.68.36,START
user_446,130.164.178.242,ERROR
user_989,41.236.4.15,ERROR
user_467,32.200.40.47,STOP
user_680,67.183.199.201,STOP
user_619,103.194.8.117,START
user_535,223.250.231.34,START
user_106,30.168.97.31,ERROR
user_62,9.129.138.157,ERROR
user_115,99.17.60.140,START
user_990,198.59.252.150,STOP
user_888,225.136.108.40,ERROR
user_691,190.199.214.169,STOP
user_477,90.246.18.47,START
user_624,12.154.228.51,STOP
user_42,235.177.21.10,ERROR
user_770,255.242.83.40,START
user_831,44.232.119.61,STOP
user_679,30.234.145.17,STOP
user_381,69.32.53.62,ERROR
user_633,37.132.250.45,ERROR
user_586,149.246.189.17,ERROR
user_181,62.184.24.101,START
user_433,83.171.174.231,STOP
user_258,221.127.133.243,STOP
user_392,45.176.120.236,ERROR
user_579,44.99.60.178,ERROR
user_233,7.111.16.220,ERROR
user_109,196.59.111.66,ERROR
user_99,33.51.248.99,ERROR
user_683,74.195.214.79,START
user_875,93.176.123.22,ERROR
user_761,171.93.125.255,ERROR
user_659,141.149.83.177,START
user_73,80.161.52.24,STOP
user_188,75.18.187.176,ERROR
user_225,27.12.58.114,STOP
user_760,14.162.115.72,ERROR
user_454,129.73.196.208,START
user_982,215.184.16.157,STOP
user_341,35.109.28.52,ERROR
user_17,62.31.68.146,START
user_348,34.80.74.76,STOP
user_7,12.95.202.64,ERROR
user_1000,147.112.196.236,START
user_597,73.247.131.32,START
user_532,180.48.163.100,ERROR
user_938,102.189.112.50,START
user_333,195.49.186.74,STOP
user_286,99.113.76.215,ERROR
user_781,58.23.246.20,ERROR
user_371,171.110.19.169,ERROR
user_685,130.176.128.124,ERROR
user_140,247.193.113.1,START
user_443,162.31.116.199,START
user_300,85.200.116.101,ERROR
user_712,224.92.32.145,ERROR
user_619,74.97.195.209,ERROR
user_996,168.54.185.63,START
user_783,195.88.207.241,START
user_762,167.248.69.165,ERROR
user_842,69.173.110.85,STOP
user_204,52.15.29.145,STOP
user_769,253.130.186.149,ERROR
user_341,53.232.136.140,START
user_48,110.144.25.2,STOP
user_295,61.88.218.39,STOP
user_120,202.230.91.255,START
user_4,144.103.13.47,START
user_965,98.208.83.108,ERROR
user_104,149.121.52.84,ERROR
user_629,165.223.62.8,STOP
user_152,238.54.83.42,START
user_919,3.90.61.153,START
user_64,105.230.146.193,START
user_699,18.61.181.7,START
user_427,84.73.163.217,START
user_291,194.190.51.89,STOP
user_797,211.231.52.165,START
user_987,99.79.241.92,ERROR
user_755,14.66.150.253,START
user_425,54.23.44.255,STOP
user_84,155.15.87.205,STOP
user_512,28.182.178.128,ERROR
user_262,64.246.251.55,ERROR
user_391,66.118.51.176,STOP
user_121,179.213.211.129,START
user_904,205.59.68.110,START
user_732,86.128.8.85,START
user_752,8.45.24.136,ERROR
user_537,253.177.176.126,STOP
user_658,204.184.6.121,START
user_749,25.127.185.236,ERROR
user_222,48.193.64.109,STOP
user_189,55.185.246.149,STOP
user_696,71.32.242.30,ERROR
user_205,21.203.9.109,ERROR
user_519,63.18.51.212,STOP
user_150,3.73.45.250,STOP
user_998,29.199.176.34,ERROR
user_880,111.195.202.155,ERROR
user_544,244.138.64.52,START
user_528,26.82.165.234,ERROR
user_145,99.88.169.133,ERROR
user_174,112.71.82.253,STOP
user_414,240.148.250.253,STOP
user_656,57.221.76.44,ERROR
user_806,130.82.85.184,STOP
user_619,204.6.5.164,STOP
user_980,96.2.1.238,STOP
user_669,228.123.164.228,START
user_725,61.29.234.135,STOP
user_831,21.108.186.160,START
user_924,171.223.62.78,START
user_246,73.214.36.68,ERROR
user_124,243.181.69.71,ERROR
user_990,63.86.250.29,ERROR
user_686,161.118.96.165,ERROR
user_66,162.147.243.153,STOP
user_804,100.201.173.254,START
user_582,227.66.75.136,ERROR
user_333,253.34.222.68,STOP
user_704,98.145.152.92,ERROR
user_680,175.240.238.58,START
user_408,100.174.55.82,ERROR
user_617,146.136.212.25,STOP
user_493,112.6.17.125,START
user_157,75.104.240.134,ERROR
user_139,20.252.193.223,ERROR
user_791,95.180.254.254,STOP
user_139,191.150.67.51,ERROR
user_876,82.195.191.136,STOP
user_188,177.124.241.78,ERROR
user_377,229.32.56.233,STOP
user_81,136.142.181.138,START
user_758,117.249.101.151,STOP
user_509,42.95.210.22,ERROR
user_63,8.9.37.105,START
user_162,92.81.127.213,STOP
user_206,144.172.141.151,STOP
user_437,108.194.134.153,ERROR
user_192,118.112.133.116,START
user_911,174.87.74.143,START
user_312,14.130.137.154,START
user_928,91.57.161.173,STOP
user_357,135.182.235.128,STOP
user_303,83.187.217.107,ERROR
user_985,31.135.154.50,ERROR
user_882,40.91.226.194,STOP
user_696,44.72.201.32,START
user_545,179.241.59.35,STOP
user_831,44.227.101.253,ERROR
user_260,166.45.67.175,ERROR
user_697,116.221.91.124,STOP
user_255,39.115.14.146,STOP
user_390,149.38.127.180,START
user_944,159.110.175.5,ERROR
user_528,255.12.127.61,STOP
user_861,150.80.199.74,START
user_783,132.85.180.199,ERROR
user_703,47.229.244.39,START
user_476,179.207.7.154,STOP
user_718,2.199.210.11,ERROR
user_467,61.36.26.14,ERROR
user_301,160.132.129.27,STOP
user_593,42.100.36.47,START
user_392,213.152.110.148,ERROR
user_237,108.27.112.98,ERROR
user_764,172.235.153.99,START
user_802,213.233.149.237,ERROR
user_786,236.96.96.247,STOP
user_319,190.118.232.211,START
user_212,134.223.150.129,START
user_51,74.219.26.169,START
user_642,144.255.216.148,ERROR
user_285,167.68.211.137,ERROR
user_557,158.28.147.232,STOP
user_366,4.68.117.107,STOP
user_649,161.91.51.48,ERROR
user_89,235.86.146.124,START
user_200,130.167.171.135,START
user_986,89.51.223.172,START
user_33,207.56.68.167,ERROR
user_699,189.90.160.245,ERROR
user_784,83.148.49.73,STOP
user_973,230.189.46.134,START
user_230,244.41.51.143,START
user_775,130.156.118.200,START
user_106,131.126.135.113,STOP
user_539,137.26.155.13,START
user_291,174.21.71.18,START
user_494,199.181.229.50,STOP
user_410,144.201.87.111,ERROR
user_203,119.5.115.244,STOP
user_930,163.156.125.193,START
user_149,245.187.147.118,ERROR
user_492,231.187.221.72,ERROR
user_210,99.188.84.228,START
user_367,20.39.3.73,ERROR
user_101,41.1.165.112,START
user_731,3.119.41.98,STOP
user_296,177.86.52.213,STOP
user_139,160.10.154.23,ERROR
user_495,82.190.245.174,ERROR
user_238,182.49.183.123,START
user_181,64.231.144.162,STOP
user_669,2.114.22.70,ERROR
user_238,96.82.47.175,STOP
user_81,60.94.197.175,STOP
user_361,158.22.154.202,STOP
user_683,50.45.77.59,START
user_116,141.188.134.156,START
user_266,116.107.11.202,START
user_926,17.230.204.162,STOP
user_983,66.45.45.147,ERROR
user_455,58.203.12.96,START
user_224,174.143.172.87,START
user_61,132.107.226.132,START
user_677,69.177.215.150,STOP
user_513,131.68.195.15,STOP
user_272,211.206.253.96,START
user_409,111.46.15.82,STOP
user_182,180.26.235.110,START
user_907,136.237.144.72,ERROR
user_460,63.62.82.50,STOP
user_968,6.141.221.127,ERROR
user_82,173.250.92.69,ERROR
user_171,195.193.77.210,START
user_634,249.197.228.255,START
user_165,102.114.208.183,ERROR
user_413,88.211.174.22,STOP
user_154,138.93.237.21,STOP
user_38,166.117.227.61,ERROR
user_974,219.158.193.51,ERROR
user_838,171.234.110.120,START
user_476,214.43.212.83,STOP
user_643,226.13.38.7,START
user_994,4.1.25.234,START
user_52,124.246.13.38,START
user_659,155.108.229.83,ERROR
user_18,2.162.76.168,START
user_954,66.204.10.219,STOP
user_733,13.168.24.111,ERROR
user_161,165.182.228.78,STOP
user_746,167.180.98.191,STOP
user_314,132.230.35.112,START
user_331,29.13.14.233,START
user_5,11.195.68.101,STOP
user_777,106.77.106.66,STOP
user_809,37.176.236.35,STOP
user_544,107.128.223.147,ERROR
user_27,176.173.44.185,ERROR
user_952,167.15.67.72,START
user_777,148.151.12.1,STOP
user_80,58.148.65.191,ERROR
user_840,73.151.130.16,STOP
user_796,55.176.165.228,ERROR
user_179,29.246.58.46,STOP
user_585,130.115.99.255,STOP
user_728,194.20.34.11,START
user_793,67.75.255.96,START
user_255,251.173.115.112,ERROR
user_324,116.242.189.39,ERROR
user_622,208.243.132.251,ERROR
user_945,78.226.36.239,ERROR
user_567,88.230.159.133,STOP
user_230,199.141.173.89,ERROR
user_805,111.114.22.234,STOP
user_125,201.172.231.190,START
user_775,86.253.192.254,START
user_131,110.124.149.93,START
user_274,117.99.128.158,ERROR
user_245,46.68.203.87,START
user_566,249.112.39.55,ERROR
user_324,212.70.126.9,START
user_836,54.72.40.54,ERROR
user_583,9.252.174.129,STOP
user_483,241.61.204.112,START
user_680,235.163.157.172,STOP
user_209,183.193.180.217,STOP
user_584,18.122.81.167,STOP
user_647,60.109.100.26,START
user_67,131.3.12.8,ERROR
user_103,237.79.245.221,START
user_175,175.103.128.51,START
user_369,65.125.53.35,START
user_952,209.182.64.64,STOP
user_349,186.62.176.200,START
user_751,66.228.65.19,STOP
user_307,42.183.202.165,ERROR
user_314,48.75.241.213,STOP
user_873,171.196.122.246,START
user_645,101.33.169.246,ERROR
user_229,35.212.47.44,START
user_256,63.24.31.231,STOP
user_363,127.146.126.167,STOP
user_634,210.152.141.150,START
user_834,114.133.177.253,STOP
user_105,67.125.124.242,STOP
user_98,226.236.204.50,START
user_975,89.137.23.26,ERROR
user_313,46.67.163.212,START
user_778,101.223.114.136,STOP
user_776,20.199.214.114,STOP
user_966,53.131.58.199,ERROR
user_321,24.136.164.66,ERROR
user_304,141.41.124.114,STOP
user_273,2.203.148.24,START
user_847,115.2.129.188,STOP
user_61,12.82.145.103,STOP
user_285,52.62.118.212,STOP
user_422,80.70.7.144,ERROR
user_266,98.224.131.51,STOP
user_67,40.38.151.177,ERROR
user_678,245.88.20.111,STOP
user_848,151.115.45.10,ERROR
user_964,207.80.86.243,STOP
user_166,195.234.23.165,START
user_940,25.124.25.202,START
user_935,158.186.52.78,ERROR
